subject,run,trial,win_idx,theta_alpha,true_label,global_win
5,B0504E,1,1,1.3532943011396048e-06,1,1
5,B0504E,1,2,3.7011239061691374e-06,1,2
5,B0504E,1,3,2.5465967396974347e-06,1,3
5,B0504E,2,1,2.0112124837366717e-06,1,4
5,B0504E,2,2,2.059474292881032e-06,1,5
5,B0504E,2,3,3.5096557166497436e-06,1,6
5,B0504E,3,1,3.3328096913942593e-06,1,7
5,B0504E,3,2,3.479296669969777e-06,1,8
5,B0504E,3,3,4.702975001549127e-06,1,9
5,B0504E,4,1,4.4398234524214685e-06,0,10
5,B0504E,4,2,2.960889670376496e-06,0,11
5,B0504E,4,3,3.1639773176828893e-06,0,12
5,B0504E,5,1,3.372565179234762e-06,1,13
5,B0504E,5,2,4.619478226400001e-06,1,14
5,B0504E,5,3,7.164893977715906e-06,1,15
5,B0504E,6,1,2.5772310460757627e-06,0,16
5,B0504E,6,2,3.5739954715371965e-06,0,17
5,B0504E,6,3,2.0811365324237467e-06,0,18
5,B0504E,7,1,4.7531061510118045e-06,0,19
5,B0504E,7,2,6.555711387820297e-06,0,20
5,B0504E,7,3,7.318840929933721e-06,0,21
5,B0504E,8,1,1.2887255436964526e-06,0,22
5,B0504E,8,2,1.0154476170710801e-06,0,23
5,B0504E,8,3,1.4140207423965522e-06,0,24
5,B0505E,1,1,9.947939697497671e-06,1,25
5,B0505E,1,2,4.89616694208359e-06,1,26
5,B0505E,1,3,2.6101414297264456e-06,1,27
5,B0505E,2,1,3.970989044873258e-06,0,28
5,B0505E,2,2,2.7747352330018064e-06,0,29
5,B0505E,2,3,2.1642600516857323e-06,0,30
5,B0505E,3,1,1.5709167073078945e-05,0,31
5,B0505E,3,2,6.836401711613555e-06,0,32
5,B0505E,3,3,3.6481662771511492e-06,0,33
5,B0505E,4,1,7.672523618487928e-06,0,34
5,B0505E,4,2,7.299452395414803e-06,0,35
5,B0505E,4,3,4.063888699822769e-06,0,36
5,B0505E,5,1,6.167723767209802e-06,0,37
5,B0505E,5,2,7.080496190577912e-06,0,38
5,B0505E,5,3,1.5067620082623201e-05,0,39
5,B0505E,6,1,2.6541144072681427e-06,0,40
5,B0505E,6,2,1.7092946395909876e-06,0,41
5,B0505E,6,3,2.5291808238425063e-06,0,42
5,B0505E,7,1,5.889962675510538e-06,0,43
5,B0505E,7,2,3.655538364763907e-06,0,44
5,B0505E,7,3,5.52822599214363e-06,0,45
5,B0505E,8,1,3.8082950559384058e-06,0,46
5,B0505E,8,2,5.695074486591774e-06,0,47
5,B0505E,8,3,6.54706879460012e-06,0,48
5,B0505E,9,1,5.645924698423565e-06,0,49
5,B0505E,9,2,5.2586192988484435e-06,0,50
5,B0505E,9,3,3.975212658248e-06,0,51
5,B0505E,10,1,3.260380264793114e-06,0,52
5,B0505E,10,2,3.551362993533709e-06,0,53
5,B0505E,10,3,1.9358583982851596e-06,0,54
5,B0505E,11,1,4.136220690627214e-06,0,55
5,B0505E,11,2,1.180308229018905e-05,0,56
5,B0505E,11,3,1.4830954039695703e-05,0,57
5,B0505E,12,1,4.8819460420601204e-06,0,58
5,B0505E,12,2,3.5399837354809715e-06,0,59
5,B0505E,12,3,3.062513427788582e-06,0,60
5,B0505E,13,1,4.737449273337746e-06,0,61
5,B0505E,13,2,4.076218332830478e-06,0,62
5,B0505E,13,3,5.474008849605224e-06,0,63
5,B0505E,14,1,5.214310315512979e-06,0,64
5,B0505E,14,2,3.7058856176351402e-06,0,65
5,B0505E,14,3,3.006241134374291e-06,0,66
5,B0505E,15,1,3.3865482606736477e-06,0,67
5,B0505E,15,2,3.124282238285837e-06,0,68
5,B0505E,15,3,3.933961653407147e-06,0,69
5,B0505E,16,1,3.6687658260601396e-06,0,70
5,B0505E,16,2,5.1309417607114816e-06,0,71
5,B0505E,16,3,4.92833408091103e-06,0,72
5,B0505E,17,1,5.634988789725578e-06,0,73
5,B0505E,17,2,3.726199450704663e-06,0,74
5,B0505E,17,3,4.025975866444929e-06,0,75
5,B0505E,18,1,2.5941879405331975e-06,0,76
5,B0505E,18,2,4.294941232779063e-06,0,77
5,B0505E,18,3,5.813521928842721e-06,0,78
5,B0505E,19,1,6.533868195643715e-06,0,79
5,B0505E,19,2,3.899940148927627e-06,0,80
5,B0505E,19,3,2.346313131665862e-06,0,81
5,B0505E,20,1,5.408799308115554e-06,0,82
5,B0505E,20,2,5.946440342148209e-06,0,83
5,B0505E,20,3,5.195662325085603e-06,0,84
5,B0505E,21,1,1.8068711690293484e-06,0,85
5,B0505E,21,2,2.123377108618506e-06,0,86
5,B0505E,21,3,2.4234484381798214e-06,0,87
5,B0505E,22,1,2.1003434465397403e-06,0,88
5,B0505E,22,2,2.7834747817308166e-06,0,89
5,B0505E,22,3,2.695032998253169e-06,0,90
5,B0505E,23,1,3.8037836498417104e-06,0,91
5,B0505E,23,2,1.5444022916305977e-06,0,92
5,B0505E,23,3,2.191399431243139e-06,0,93
5,B0505E,24,1,3.996273472835067e-06,0,94
5,B0505E,24,2,5.118196476958739e-06,0,95
5,B0505E,24,3,5.364809509543979e-06,0,96
5,B0505E,25,1,1.378721900988816e-05,0,97
5,B0505E,25,2,1.811968270538251e-05,0,98
5,B0505E,25,3,5.996464992697902e-06,0,99
5,B0505E,26,1,1.520520271872519e-06,0,100
5,B0505E,26,2,2.572614863731954e-06,0,101
5,B0505E,26,3,2.357961542826931e-06,0,102
5,B0505E,27,1,5.616028340693957e-06,0,103
5,B0505E,27,2,6.897236082161716e-06,0,104
5,B0505E,27,3,5.6639033668973414e-06,0,105
5,B0505E,28,1,4.5020151633958374e-06,0,106
5,B0505E,28,2,4.03836852142517e-06,0,107
5,B0505E,28,3,4.6273318044372955e-06,0,108
5,B0505E,29,1,1.709783777711388e-06,0,109
5,B0505E,29,2,2.1582679974481897e-06,0,110
5,B0505E,29,3,2.795687538591718e-06,0,111
5,B0505E,30,1,4.174466825986611e-06,0,112
5,B0505E,30,2,4.633793498475623e-06,0,113
5,B0505E,30,3,4.386332229451664e-06,0,114
5,B0505E,31,1,5.66296549353161e-06,0,115
5,B0505E,31,2,3.998059658723601e-06,0,116
5,B0505E,31,3,2.860965826666054e-06,0,117
5,B0505E,32,1,1.0896333337208683e-06,0,118
5,B0505E,32,2,2.71955904374093e-06,0,119
5,B0505E,32,3,2.4906345651876045e-06,0,120
5,B0505E,33,1,6.577126987127549e-06,0,121
5,B0505E,33,2,8.045142788833476e-06,0,122
5,B0505E,33,3,8.635838820465956e-06,0,123
5,B0505E,34,1,3.873357083952501e-06,0,124
5,B0505E,34,2,4.496152447699253e-06,0,125
5,B0505E,34,3,4.772694565563768e-06,0,126
5,B0505E,35,1,1.2428415714549714e-06,0,127
5,B0505E,35,2,1.3231420862863802e-06,0,128
5,B0505E,35,3,3.2708230438167087e-06,0,129
5,B0505E,36,1,3.2787995884922664e-06,0,130
5,B0505E,36,2,3.5764673038327766e-06,0,131
5,B0505E,36,3,3.975762755356672e-06,0,132
5,B0505E,37,1,4.391249170762046e-06,0,133
5,B0505E,37,2,5.34480609028105e-06,0,134
5,B0505E,37,3,7.257584966896654e-06,0,135
5,B0505E,38,1,3.184294783470233e-06,0,136
5,B0505E,38,2,3.691685660923623e-06,0,137
5,B0505E,38,3,3.700458238765418e-06,0,138
5,B0505E,39,1,1.6644768952901457e-06,0,139
5,B0505E,39,2,1.8218570428083861e-06,0,140
5,B0505E,39,3,1.4515707957005323e-06,0,141
5,B0505E,40,1,4.537117547590019e-06,0,142
5,B0505E,40,2,4.2197905888572964e-06,0,143
5,B0505E,40,3,5.29712449247215e-06,0,144
5,B0505E,41,1,4.328341307345959e-06,0,145
5,B0505E,41,2,3.2842029987808796e-06,0,146
5,B0505E,41,3,3.908423490610137e-06,0,147
5,B0505E,42,1,2.3525207871855405e-06,0,148
5,B0505E,42,2,2.145389516168485e-06,0,149
5,B0505E,42,3,2.9965096902154786e-06,0,150
5,B0505E,43,1,1.910545499146113e-06,0,151
5,B0505E,43,2,1.5454246308419344e-05,0,152
5,B0505E,43,3,1.6597918820693084e-05,0,153
5,B0505E,44,1,5.210586355912119e-06,0,154
5,B0505E,44,2,3.6273947111271318e-06,0,155
5,B0505E,44,3,6.015315897805824e-06,0,156
